condition,task,day,group,delta,theta,alpha,beta,low_gamma,tbr,total_power_0p5_40
baseline,Rest,1,lateral_frontal,6.967077212519714,4.94749605912519,4.266201312319693,15.664087749806178,3.2674625422152297,0.315849613341601,35.11232487598598
baseline,Rest,2,lateral_frontal,6.967077212519714,4.94749605912519,4.266201312319693,15.664087749806178,3.2674625422152297,0.315849613341601,35.11232487598598
baseline,Rest,3,lateral_frontal,30.850108524076937,5.3388666430188945,2.2639581615051805,2.9499572475443303,0.6934327454754617,1.8098115311546272,42.09632332162081
baseline,Rest,4,lateral_frontal,32.071921335409264,6.620164969223246,2.8756992592531754,4.468192467346546,0.883336319190708,1.4816203683264024,46.91931435042294
baseline,Rest,5,lateral_frontal,12.07893646313424,2.1910437076402736,1.4742709499761764,7.716084052157437,2.191441473642709,0.2839579886416157,25.65177664655082
baseline,Rest,6,lateral_frontal,8.214778416103261,2.4776706206811046,2.829118497243531,5.711322421487378,1.7233500854889579,0.4338173259768189,20.95624004100424
baseline,Rest,7,lateral_frontal,12.768926011005114,2.3805345250278807,1.449088854719875,3.564268594877442,0.9452264818974159,0.6678886457797201,21.108044467527726
baseline,Rest,1,all,4.35165707890514,3.212215599362613,3.178362403125621,10.870609588513684,2.3504356148731675,0.2954954433058443,23.963280284780225
baseline,Rest,2,all,4.35165707890514,3.212215599362613,3.178362403125621,10.870609588513684,2.3504356148731675,0.2954954433058443,23.963280284780225
baseline,Rest,3,all,15.582295806862845,2.697078401803587,1.1474705668595546,1.492346961455878,0.34991726037087145,1.8072730212633785,21.269108997352728
baseline,Rest,4,all,18.16737206792413,4.124268392234593,2.0947859989460555,3.279307224758121,0.6284916535791881,1.257664533867758,28.29422533744208
baseline,Rest,5,all,9.603212963131783,1.839180426614122,1.2864676155543235,7.6764944489328535,2.2569995305078168,0.2395859775381972,22.662354984740894
baseline,Rest,6,all,5.656444851351464,1.9052016954344277,2.4082901886530306,4.901233092860604,1.3886766190358193,0.388718850815246,16.259846447335345
baseline,Rest,7,all,6.486037717011152,1.2190347047232002,0.7612113886793208,1.8596682191856584,0.4906350875476218,0.6555119306480437,10.816587117146955
baseline,Rest,1,frontopolar,1.7362369452905653,1.476935139600035,2.090523493931548,6.0771314272211905,1.433408687531105,0.24303162722208455,12.814235693574435
baseline,Rest,2,frontopolar,1.7362369452905653,1.476935139600035,2.090523493931548,6.0771314272211905,1.433408687531105,0.24303162722208455,12.814235693574435
baseline,Rest,3,frontopolar,0.3144830896487478,0.0552901605882803,0.0309829722139288,0.03473667536742504,0.006401775266281253,1.5916940813549953,0.44189467308466324
baseline,Rest,4,frontopolar,4.262822800438999,1.6283718152459414,1.3138727386389346,2.0904219821696937,0.37364698796766804,0.7789679926518087,9.669136324461238
baseline,Rest,5,frontopolar,7.127489463129324,1.4873171455879706,1.0986642811324703,7.636904845708266,2.3225575873729247,0.19475391871928358,19.672933322930955
baseline,Rest,6,frontopolar,3.098111286599667,1.3327327701877516,1.98746188006253,4.0911437642338315,1.05400315258268,0.32576043448752745,11.563452853666456
baseline,Rest,7,frontopolar,0.2031494230171904,0.05753488441851915,0.0733339226387666,0.15506784349387576,0.03604369319782785,0.37103040270751836,0.52512976676618
baseline,Math,1,lateral_frontal,30.768612471484996,9.910864758004013,3.7635379971815475,6.437437165941319,1.1304929381610243,1.5395668342115443,52.01094533077288
baseline,Math,2,lateral_frontal,30.768612471484996,9.910864758004013,3.7635379971815475,6.437437165941319,1.1304929381610243,1.5395668342115443,52.01094533077288
baseline,Math,3,lateral_frontal,90.24628951087551,9.013217386209492,2.43350626126329,3.494718420865797,0.5234523235360597,2.579096882997663,105.71118390275022
baseline,Math,4,lateral_frontal,27.13632003097752,5.717291192676764,1.5925299344058559,3.8710336607042297,0.7107728672361165,1.4769417405780598,39.027947686000495
baseline,Math,5,lateral_frontal,14.859866246156058,3.150534192377743,1.3228607255027907,5.786617467323982,1.2007113439645227,0.5444517820934699,26.3205899753251
baseline,Math,6,lateral_frontal,40.2606309573309,5.888583495095682,1.702798805950733,4.59494685483112,0.8401844782796061,1.2815346251294364,53.287144591488016
baseline,Math,7,lateral_frontal,24.740334313971637,9.842194690778436,1.803186905734437,3.4651817545519403,0.5217583472142513,2.8403112413510514,40.3726560122507
baseline,Math,1,all,29.269698183608075,8.067717389103741,3.6238747618123823,5.508979208359212,0.9589532383665756,1.4644668429428727,47.429222781249976
baseline,Math,2,all,29.269698183608075,8.067717389103741,3.6238747618123823,5.508979208359212,0.9589532383665756,1.4644668429428727,47.429222781249976
baseline,Math,3,all,45.61138870722911,4.555788077419849,1.2289142868259033,1.7636602907138046,0.2643134191478118,2.5831437615324373,53.42406478133645
baseline,Math,4,all,15.23048111384568,3.946575085738804,1.3223065445670943,2.852493338665226,0.5570007788454626,1.383552778982311,23.908856861662255
baseline,Math,5,all,11.12330681941397,2.367305248454127,1.1546305281014513,6.422332573560139,1.4280121810948592,0.3686052102315594,22.49558735062455
baseline,Math,6,all,38.72720305537228,4.9761043648191565,1.5944190005787917,4.310964243429022,0.7965609156469294,1.1542903359507035,50.40525157984618
baseline,Math,7,all,13.345611069978695,5.326074504635553,0.955436279673137,1.7962935602397891,0.2704720355102798,2.965035683769066,21.69388745003745
baseline,Math,1,frontopolar,27.77078389573116,6.224570020203469,3.484211526443217,4.580521250777105,0.7874135385721275,1.358921764449285,42.847500231727075
baseline,Math,2,frontopolar,27.77078389573116,6.224570020203469,3.484211526443217,4.580521250777105,0.7874135385721275,1.358921764449285,42.847500231727075
baseline,Math,3,frontopolar,0.9764879035827038,0.0983587686302062,0.024322312388517398,0.032602160561814454,0.005174514759563873,3.016940194614271,1.1369456599228056
baseline,Math,4,frontopolar,3.3246421967138433,2.175858978800844,1.0520831547283327,1.833953016626223,0.40322869045480875,1.1864311457681713,8.789766037324057
baseline,Math,5,frontopolar,7.386747392671881,1.5840763045305108,0.9864003307001119,7.058047679796298,1.6553130182251963,0.2244354779672201,18.670584725923998
baseline,Math,6,frontopolar,37.193775153413654,4.06362523454263,1.4860391952068508,4.026981632026923,0.7529373530142526,1.0090995206494802,47.523358568204344
baseline,Math,7,frontopolar,1.9508878259857514,0.8099543184926702,0.10768565361183714,0.12740536592763774,0.019185723806308154,6.3573014574024995,3.0151188878242037
baseline,Music,1,lateral_frontal,6.868037219190342,3.4481340241842773,2.8940359788413197,6.03846293538168,1.5029147654850674,0.5710284324145358,20.751584923082703
baseline,Music,2,lateral_frontal,6.868037219190342,3.4481340241842773,2.8940359788413197,6.03846293538168,1.5029147654850674,0.5710284324145358,20.751584923082703
baseline,Music,3,lateral_frontal,48.026869769285035,6.320167209663028,1.8469545085483319,2.3079211645997213,0.3638613516172143,2.738467546728,58.86577400371331
baseline,Music,4,lateral_frontal,21.490503451190804,5.65131996353307,1.563185559772104,2.7141821044231196,0.3814553287075504,2.082144729465092,31.80064640762664
baseline,Music,5,lateral_frontal,5.647084730539359,2.48670935012717,1.1082644600889417,5.182142284056921,1.657986641900074,0.4798612646699486,16.08218746671247
baseline,Music,6,lateral_frontal,13.50909722840174,3.314805261978276,2.259854540973657,5.7380801588551344,1.1455652293024294,0.5776854226866793,25.96740241951123
baseline,Music,7,lateral_frontal,4.512006825821247,2.02882160987231,0.9784241250178963,2.912146914962267,1.1267381138114556,0.6966755693019689,11.558137589485177
baseline,Music,1,all,4.99725798438856,2.654669419975636,2.342554889783023,4.876778048928528,1.1076433425511516,0.5443490340018429,15.978903685626904
baseline,Music,2,all,4.99725798438856,2.654669419975636,2.342554889783023,4.876778048928528,1.1076433425511516,0.5443490340018429,15.978903685626904
baseline,Music,3,all,24.279671291986062,3.190938640915346,0.9353479709304755,1.1682652871702366,0.18385273206432245,2.731347645057925,29.758075923066436
baseline,Music,4,all,12.351456970824556,3.3681508015734805,1.169085517438131,2.2843248869664277,0.30171645541898445,1.4744622451871845,19.47473463222159
baseline,Music,5,all,4.262579057946671,1.8903923581695703,1.025406242200848,5.764604617664973,1.7227661400267273,0.3279309655299999,14.66574841600879
baseline,Music,6,all,10.26938693943404,2.609331533072735,1.9250861701722606,5.527272868576606,1.0487725447304657,0.4720829955595615,21.379850055986108
baseline,Music,7,all,2.3249210216821634,1.0548184653988597,0.5443895371870747,1.5180830720356502,0.5767814324127937,0.6948357997197196,6.01899352871654
baseline,Music,1,frontopolar,3.12647874958678,1.8612048157669943,1.7910738007247258,3.7150931624753754,0.7123719196172353,0.5009846952335562,11.206222448171106
baseline,Music,2,frontopolar,3.12647874958678,1.8612048157669943,1.7910738007247258,3.7150931624753754,0.7123719196172353,0.5009846952335562,11.206222448171106
baseline,Music,3,frontopolar,0.5324728146870992,0.06171007216766474,0.023741433312619346,0.028609409740753055,0.003844112511430753,2.1569851572212273,0.6503778424195673
baseline,Music,4,frontopolar,3.212410490458308,1.08498163961389,0.7749854751041575,1.8544676695097346,0.2219775821304189,0.5850636586728559,7.148822856816514
baseline,Music,5,frontopolar,2.878073385353984,1.2940753662119715,0.9425480243127542,6.34706695127302,1.7875456381533814,0.20388557047636327,13.249309365305114
baseline,Music,6,frontopolar,7.029676650466339,1.903857804167194,1.5903177993708644,5.316465578298076,0.9519798601585023,0.35810592133593067,16.792297692460973
baseline,Music,7,frontopolar,0.13783521754307973,0.08081532092540909,0.11035494935625315,0.12401922910903301,0.026824751014131648,0.6516354077185831,0.47984946794790667
baseline,Video,1,lateral_frontal,88.41219526759127,20.40678404674688,5.143380933050336,6.128952394758269,0.8712348573366474,3.329571308825893,120.96254749948338
baseline,Video,2,lateral_frontal,88.41219526759127,20.40678404674688,5.143380933050336,6.128952394758269,0.8712348573366474,3.329571308825893,120.96254749948338
baseline,Video,3,lateral_frontal,41.29179432701153,11.894041495731871,1.7585631425224244,2.6499832124841225,0.3086310088742749,4.4883459788344355,57.90301318662423
baseline,Video,4,lateral_frontal,26.800794065257783,7.370097691014584,1.6211122489196719,2.7800045397880004,0.5167920223529816,2.6511099480350553,39.088800567332996
baseline,Video,5,lateral_frontal,12.604022564567318,4.853691531718043,1.5472405621800833,3.7890070509767293,0.8154499245011333,1.2809930059293133,23.609411633943296
baseline,Video,6,lateral_frontal,26.12220075099135,6.282624812383707,2.3868517496446606,5.300033890303292,0.7730944537017875,1.1853933281215654,40.864805657024824
baseline,Video,7,lateral_frontal,16.444239528202793,5.151225866745439,1.4701323708702092,3.0243823843616373,0.4715113043047016,1.7032323337753863,26.561491454484774
baseline,Video,1,all,80.31989183689919,16.76105919000655,4.004755260775901,4.892896524933705,0.7861913947936309,3.4255903644383014,106.764794207409
baseline,Video,2,all,80.31989183689919,16.76105919000655,4.004755260775901,4.892896524933705,0.7861913947936309,3.4255903644383014,106.764794207409
baseline,Video,3,all,20.88327216882328,6.01377250204761,0.8898247947410485,1.3406121343967479,0.1561437507924156,4.485840719884058,29.2836253508011
baseline,Video,4,all,16.684333842531046,4.65332794656276,1.219201447343435,2.1085030859172718,0.38060181040816915,2.2069343780630044,25.04596813276269
baseline,Video,5,all,10.254776930656426,3.888288497622544,1.2518891590551822,4.159397685446029,0.8905500329284145,0.9348200849435215,20.444902305708595
baseline,Video,6,all,22.680125037507306,5.199196861247862,2.041306884083158,4.877677694223217,0.7512546127899109,1.0659164436808586,35.549561089851466
baseline,Video,7,all,8.659926626472124,2.74214081665266,0.7596552904590038,1.5654536212090593,0.24312292354217496,1.7516589309971384,13.970299278335025
baseline,Video,1,frontopolar,72.22758840620709,13.115334333266222,2.8661295885014644,3.656840655109141,0.7011479322506144,3.5865205980310306,92.56704091533454
baseline,Video,2,frontopolar,72.22758840620709,13.115334333266222,2.8661295885014644,3.656840655109141,0.7011479322506144,3.5865205980310306,92.56704091533454
baseline,Video,3,frontopolar,0.47475001063502376,0.13350350836334912,0.02108644695967275,0.031241056309373703,0.003656492710556337,4.273335288067457,0.6642375149779758
baseline,Video,4,frontopolar,6.567873619804307,1.9365582021109358,0.8172906457671982,1.4370016320465435,0.24441159846335708,1.3476381368843233,11.003135698192347
baseline,Video,5,frontopolar,7.905531296745533,2.9228854635270443,0.9565377559302812,4.529788319915332,0.9656501413556959,0.6452587311147636,17.28039297747388
baseline,Video,6,frontopolar,19.238049324023258,4.115768910112019,1.6957620185216546,4.455321498143141,0.7294147718780339,0.9237871861385002,30.234316522678107
baseline,Video,7,frontopolar,0.8756137247414565,0.3330557665598809,0.04917821004779851,0.10652485805648107,0.014734542779648198,3.1265544271675045,1.3791071021852652
baseline,Retrieval,1,lateral_frontal,103.47277082468335,9.355665318088079,4.874201633981398,4.989593685298969,0.7574693911900157,1.8750355055268395,123.44970085324182
baseline,Retrieval,2,lateral_frontal,103.47277082468335,9.355665318088079,4.874201633981398,4.989593685298969,0.7574693911900157,1.8750355055268395,123.44970085324182
baseline,Retrieval,3,lateral_frontal,24.600792288663236,6.132759917582783,2.021101975267053,2.3143498856558566,0.28325636762612005,2.649884512101263,35.35226043479505
baseline,Retrieval,4,lateral_frontal,28.307040400243913,6.477510542661721,2.267077979479096,3.20672047717936,0.6942781314382511,2.01997978581512,40.9526275310024
baseline,Retrieval,5,lateral_frontal,3.7505856213094813,2.317367515803931,1.4913359044157573,3.0907941037980065,0.6599081815639741,0.7497644417518207,11.309991326891147
baseline,Retrieval,6,lateral_frontal,16.87065371030217,4.250894991743858,2.891907145529143,4.498500369866989,0.7555753499558095,0.9449582399099697,29.26753156739797
baseline,Retrieval,7,lateral_frontal,42.00323726411426,7.103482666960156,1.8150702160767458,3.022551047072006,0.5217926287899002,2.3501613558657395,54.46613382301307
baseline,Retrieval,1,all,80.60716305896618,6.7850179034419575,3.810257542039066,4.188829198707869,0.678943713926224,1.6197886286542638,96.07021141708127
baseline,Retrieval,2,all,80.60716305896618,6.7850179034419575,3.810257542039066,4.188829198707869,0.678943713926224,1.6197886286542638,96.07021141708127
baseline,Retrieval,3,all,12.429181303309267,3.0957041013463242,1.022244053086101,1.170649326400045,0.14308777670439593,2.6444333341617896,17.860866560846137
baseline,Retrieval,4,all,17.00041997215068,4.6752900047070876,1.781166798899268,2.611570915768355,0.5676719182583808,1.790221347801908,26.636119609783773
baseline,Retrieval,5,all,2.3199123308993825,1.595372009686869,1.2923652321253754,2.748573101447043,0.5610210632204251,0.5804364485874334,8.517243737379097
baseline,Retrieval,6,all,11.330864332125751,3.284724149380456,2.5398692917409504,4.165286345070719,0.758638981662194,0.7885950393945096,22.079383099980067
baseline,Retrieval,7,all,21.31024067421088,3.594305176047243,0.9548247001694423,1.5689511267847758,0.2698377592611995,2.290896838458563,27.698159436473556
baseline,Retrieval,1,frontopolar,57.74155529324903,4.2143704887958355,2.7463134500967326,3.388064712116766,0.6004180366624323,1.2438872474082165,68.69072198092083
baseline,Retrieval,2,frontopolar,57.74155529324903,4.2143704887958355,2.7463134500967326,3.388064712116766,0.6004180366624323,1.2438872474082165,68.69072198092083
baseline,Retrieval,3,frontopolar,0.25757031795530283,0.0586482851098657,0.0233861309051488,0.026948767144233658,0.0029191857826717993,2.1762882433905673,0.3694726868972227
baseline,Retrieval,4,frontopolar,5.693799544057445,2.873069466752454,1.2952556183194395,2.01642135435735,0.441065705078511,1.424835866047513,12.319611688565196
baseline,Retrieval,5,frontopolar,0.8892390404892834,0.8733765035698073,1.0933945598349932,2.40635209909608,0.46213394487687615,0.3629462637233686,5.724496147867043
baseline,Retrieval,6,frontopolar,5.791074953949332,2.318553307017053,2.1878314379527577,3.832072320274446,0.7617026133685785,0.6050390267297989,14.891234632562169
baseline,Retrieval,7,frontopolar,0.6172440843075013,0.08512768513433092,0.09457918426213915,0.11535120649754635,0.017882889732498904,0.7379869506275314,0.9301850499340168
baseline,ColorCounting,1,lateral_frontal,162.79172638594218,28.460475866307434,5.650818792307087,6.348091409006938,0.8794933421355373,4.483312232386339,204.1306057956991
baseline,ColorCounting,2,lateral_frontal,162.79172638594218,28.460475866307434,5.650818792307087,6.348091409006938,0.8794933421355373,4.483312232386339,204.1306057956991
baseline,ColorCounting,3,lateral_frontal,128.73736177155553,19.213655479727656,4.088605560948597,3.730330015775281,0.37936624390170864,5.150658359575312,156.14931907190888
baseline,ColorCounting,4,lateral_frontal,61.03378299566397,8.052489975493483,1.9671534419506524,3.683763595407028,0.485109029009296,2.1859410265993855,75.22229903752446
baseline,ColorCounting,5,lateral_frontal,26.6967253034612,5.7901794126284685,1.3286405454920287,2.684542878868973,0.398650846934522,2.156858606433559,36.89873898738517
baseline,ColorCounting,6,lateral_frontal,21.799443269070533,6.586650541552318,2.6622316403173905,6.445280071383032,1.6785465240820838,1.0219339530018205,39.172152046405365
baseline,ColorCounting,7,lateral_frontal,20.39381949634848,5.964242666259534,2.2660652203626657,4.261957177914674,0.48342375730479414,1.3994140291146164,33.36950831819014
baseline,ColorCounting,1,all,147.74408342992984,24.20303218155559,4.566934232994163,5.260041592331994,0.7736082530031881,4.601300532839586,182.5476996898147
baseline,ColorCounting,2,all,147.74408342992984,24.20303218155559,4.566934232994163,5.260041592331994,0.7736082530031881,4.601300532839586,182.5476996898147
baseline,ColorCounting,3,all,65.0024444582985,9.699112688047906,2.064070516774198,1.8872527608872085,0.19199710822649754,5.139275930102917,78.84487753223426
baseline,ColorCounting,4,all,33.2781909196064,5.1163508532853355,1.4555174904734869,2.8154692480651273,0.34385381891956945,1.8172284626448827,43.009382330349915
baseline,ColorCounting,5,all,18.135731316753052,3.82551919628683,0.9848331193160049,2.284775306665111,0.3679514255134533,1.6743524779557468,25.598810364534437
baseline,ColorCounting,6,all,16.165485326291467,5.488749343031224,2.2869587466336663,5.443629844671924,1.3311437755203817,1.0082884949283357,30.715967036148665
baseline,ColorCounting,7,all,10.337866480091533,3.037894340581918,1.1615265558277577,2.186292465138395,0.2511547179607953,1.389518735037865,16.974734559600392
baseline,ColorCounting,1,frontopolar,132.69644047391748,19.945588496803747,3.483049673681242,4.171991775657052,0.6677231638708391,4.780831211888594,160.96479358393037
baseline,ColorCounting,2,frontopolar,132.69644047391748,19.945588496803747,3.483049673681242,4.171991775657052,0.6677231638708391,4.780831211888594,160.96479358393037
baseline,ColorCounting,3,frontopolar,1.2675271450414634,0.18456989636815946,0.03953547259979925,0.04417550599913551,0.004627972551286337,4.178104861363023,1.5404359925598445
baseline,ColorCounting,4,frontopolar,5.522598843548854,2.1802117310771854,0.9438815389963217,1.9471749007232257,0.20259860882984254,1.119679454715344,10.796465623175429
baseline,ColorCounting,5,frontopolar,9.574737330044906,1.860858979945192,0.6410256931399811,1.8850077344612488,0.3372520040923845,0.9871890422120954,14.298881741683712
baseline,ColorCounting,6,frontopolar,10.531527383512401,4.39084814451013,1.911685852949943,4.441979617960818,0.9837410269586806,0.9884890346538417,22.259782025891976
baseline,ColorCounting,7,frontopolar,0.281913463834579,0.11154601490430145,0.0569878912928493,0.11062775236211504,0.018885678616796447,1.0083004718307995,0.5799608010106413
medication,Rest,1,lateral_frontal,34.46162996333794,6.964146857820191,3.029188227817417,9.460385169789255,2.803989946849278,0.7361377716479728,56.71934016561408
medication,Rest,2,lateral_frontal,35.13493152926767,5.963733273350565,2.3727921296532632,4.633429991613541,1.1243413276474616,1.28710982666078,49.22922825153246
medication,Rest,3,lateral_frontal,37.73718015841989,6.084585964155877,2.0826213078378126,5.2455469620585085,1.1792072301444458,1.1599526242289335,52.32914162261655
medication,Rest,4,lateral_frontal,29.374226264157816,7.71869062647043,1.8349327526251327,2.592938517718665,0.5771879621864334,2.9768120507776388,42.09797612315847
medication,Rest,5,lateral_frontal,141.7738069722163,45.857199809413316,4.075259666654457,3.5832160789718626,0.8480880780751012,12.797776857088449,196.13757060533098
medication,Rest,6,lateral_frontal,33.217634073326515,7.630209086395206,1.7612047894228084,2.7897706611153366,0.5245578771673983,2.735066789807262,45.92337648742726
medication,Rest,7,lateral_frontal,32.408246891354835,6.378525138197688,1.8134428981446105,3.5081233001230947,0.9175793626934341,1.818215778782312,45.02591759051368
medication,Rest,1,all,19.069969410156094,4.097413700295382,2.3464082778071726,9.520810749395547,2.782281199702314,0.4303639477925256,37.8168833373565
medication,Rest,2,all,19.066438472964325,3.422949050242865,1.7696019518532746,4.142209444046243,1.0047474552287554,0.826358274848415,29.405946374335464
medication,Rest,3,all,19.747367116696818,3.311293920313044,1.2161129174979712,5.0483860498338595,1.1918440935147843,0.6559113918045189,30.51500409785647
medication,Rest,4,all,15.715804511568166,4.152218283521421,1.1194727389596824,1.7401997332982424,0.43032566974968484,2.3860584529866706,23.15802093709719
medication,Rest,5,all,74.94742375420182,24.395128704414564,2.3237320693890395,2.7827267423625357,0.6837660067747304,8.766627471191473,105.13277727714272
medication,Rest,6,all,17.834883695475813,4.190005376950849,1.0093761832201573,1.9639167272398075,0.3841752394049548,2.133494419002024,25.382357222291574
medication,Rest,7,all,17.071983940676123,3.4586235477918743,1.092838860218831,1.9973641358683853,0.4945459607783696,1.731593897017773,24.11535644533359
medication,Rest,1,frontopolar,3.6783088569742466,1.2306805427705745,1.6636283277969288,9.581236329001841,2.760572452555349,0.12844694572926632,18.91442650909894
medication,Rest,2,frontopolar,2.9979454166609933,0.8821648271351645,1.1664117740532864,3.6509888964789443,0.8851535828100489,0.2416235305415293,9.582664497138435
medication,Rest,3,frontopolar,1.757554074973751,0.5380018764702104,0.3496045271581293,4.85122513760921,1.2044809568851227,0.11090020792878508,8.700866573096421
medication,Rest,4,frontopolar,2.0573827589785147,0.5857459405724129,0.40401272529423204,0.8874609488778195,0.2834633773129363,0.6600244679082269,4.218065751035915
medication,Rest,5,frontopolar,8.121040536187316,2.93305759941581,0.5722044721236219,1.9822374057532115,0.5194439354743596,1.4796701903127014,14.127983948954318
medication,Rest,6,frontopolar,2.452133317625116,0.7498016675064916,0.25754757701750625,1.1380627933642775,0.2437926016425113,0.6588403310242398,4.841337957155903
medication,Rest,7,frontopolar,1.7357209899974162,0.5387219573860614,0.37223482229305155,0.48660497161367605,0.07151255886330506,1.10710327434501,3.2047953001535108
medication,Math,1,lateral_frontal,37.91190772884116,6.562616392406247,2.328495051541605,12.804786909312094,3.9292450257493154,0.5125127375320616,63.53705110785043
medication,Math,2,lateral_frontal,45.86937269078301,8.124041838819336,2.9127886632034405,5.1989166593951275,1.1852985126379028,1.5626412906885363,63.29041836483883
medication,Math,3,lateral_frontal,30.764515067188853,4.573226038976445,1.5124337178293425,5.969727245843491,1.4068307125851895,0.7660695121641646,44.22673278242332
medication,Math,4,lateral_frontal,11.18190775774956,5.083706815619284,1.265566695557804,3.50357350350093,0.783788313456396,1.451006182841437,21.81854308588397
medication,Math,5,lateral_frontal,77.06028442070493,27.190662149319614,3.8821765161691264,4.55163733106705,1.0281168330541401,5.973820006205383,113.7128772503149
medication,Math,6,lateral_frontal,29.749936406007222,6.03248919270973,1.3825981264937168,3.9867730624817286,0.6842923610983536,1.5131258032917887,41.83608914879074
medication,Math,7,lateral_frontal,15.487432348662026,2.7243490080434696,0.9567295313534908,4.161379380412577,0.6556351991577357,0.6546745102998434,23.9855254676293
medication,Math,1,all,21.882933452631143,4.238358810079686,1.9452471441828634,11.297886766021941,3.7369988952608666,0.3751461576713996,43.1014250681765
medication,Math,2,all,26.533749005267396,5.210684805514893,2.244203913431736,4.740707869186694,1.051400269290401,1.099136447403334,39.78074586269111
medication,Math,3,all,15.946844849908178,2.646567581935913,0.9742573123193008,5.214576831759106,1.296731599795676,0.5075325702015037,26.07897817571818
medication,Math,4,all,6.245331203429327,2.8330148417485033,0.8233436351739515,2.6611060231226924,0.6269428523237689,1.0646005146476964,13.189738555798245
medication,Math,5,all,40.516215389528426,14.684942826669038,2.1808022211974434,3.375340296633974,0.777366512217276,4.350655500221254,61.534667246246144
medication,Math,6,all,16.987538690328243,3.527615891322456,0.8713060922102682,2.6359627210215613,0.43142448917826676,1.3382647118603166,24.453847884060796
medication,Math,7,all,10.453141466303707,1.5599730602684645,0.6447524364316414,2.2822474733912017,0.36359334049737746,0.6835249369125135,15.303707776892393
medication,Math,1,frontopolar,5.853959176421126,1.9141012277531242,1.5619992368241213,9.790986622731795,3.5447527647724173,0.1954962560472857,22.66579902850258
medication,Math,2,frontopolar,7.198125319751778,2.2973277722104513,1.5756191636600327,4.28249907897826,0.9175020259428993,0.5364455963312336,16.271073360543415
medication,Math,3,frontopolar,1.1291746326274936,0.7199091248953818,0.4360809068092588,4.45942641767472,1.1866324870061622,0.1614353635351078,7.931223569013017
medication,Math,4,frontopolar,1.308754649109095,0.5823228678777237,0.3811205747900993,1.818638542744455,0.47009739119114197,0.32019714428737284,4.560934025712514
medication,Math,5,frontopolar,3.97214635835193,2.17922350401846,0.4794279262257599,2.1990432622008966,0.5266161913804126,0.9909870994704306,9.356457242177457
medication,Math,6,frontopolar,4.225140974649266,1.0227425899351825,0.3600140579268193,1.2851523795613944,0.1785566172581801,0.7958142600056742,7.071606619330844
medication,Math,7,frontopolar,5.4188505839453915,0.3955971124934597,0.33277534150979177,0.4031155663698266,0.0715514818370192,0.9813491353259494,6.6218900861554895
medication,Music,1,lateral_frontal,48.57803775381072,10.298009336454578,3.8551692408370926,9.853896048762131,2.908179784192601,1.0450698165978967,75.49329216405708
medication,Music,2,lateral_frontal,38.00737906878529,6.587066498015044,2.4563582144964324,4.860128780685258,1.2664976102614305,1.3553275633750377,53.17743017224346
medication,Music,3,lateral_frontal,38.16238441296121,9.333665899905258,2.2053658104234097,4.857212485244049,1.0676802926992075,1.9216095503872712,55.62630890123313
medication,Music,4,lateral_frontal,24.55770444321243,7.188258922059831,1.8638609415211098,3.222804414316201,0.623610215209914,2.2304359799584677,37.45623893631945
medication,Music,5,lateral_frontal,76.70489474033529,23.07209113195106,3.2695184956776333,4.3484490201483945,0.9599837715020383,5.305820770819041,108.35493715961442
medication,Music,6,lateral_frontal,40.65616925706165,7.028410194915893,1.727632521301122,3.093426139208465,0.6672845787803858,2.2720471990044984,53.17292269126752
medication,Music,7,lateral_frontal,18.16476714499318,3.9250779895325034,1.4470886713210083,2.7703223421095973,0.6335312742769315,1.4168307889195164,26.94078742223323
medication,Music,1,all,28.294165760673437,6.209584548842401,2.95773143512403,9.410380402516553,2.8703706934515845,0.6598654127926449,49.74223284060801
medication,Music,2,all,21.01377579692228,4.026771367349765,1.9357594888829797,4.453062176638791,1.1678038534088213,0.9042701870354763,32.59717268320263
medication,Music,3,all,20.018742261329827,5.014485243040701,1.3275153855898219,4.391672421402611,1.00442593858054,1.141816775450473,31.756841249943495
medication,Music,4,all,13.062652263070788,3.944463155094344,1.0461279506025987,2.1877639923468863,0.47310674362253075,1.802965570734615,20.714114104737146
medication,Music,5,all,39.84251623163631,12.242004394143724,1.8828704454206,3.12174508257601,0.7229157498169245,3.921525963946369,57.81205190359358
medication,Music,6,all,21.35811623513042,3.871943286020875,1.020275263387709,2.0291641105757465,0.4358819164470771,1.90814693885073,28.715380811561822
medication,Music,7,all,9.664139947566614,2.1559038916814104,0.8758772935478645,1.6188242258602445,0.35678168855488557,1.3317714531580853,14.671527047211015
medication,Music,1,frontopolar,8.010293767536158,2.1211597612302238,2.060293629410966,8.966864756270976,2.832561602710566,0.2365553422389683,23.99117351715889
medication,Music,2,frontopolar,4.020172525059276,1.4664762366844866,1.4151607632695271,4.045995572592323,1.0691100965562121,0.3624512707375247,12.016915194161829
medication,Music,3,frontopolar,1.8751001096984323,0.6953045861761419,0.4496649607562337,3.9261323575611717,0.9411715844618729,0.1770965731292997,7.88737359865385
medication,Music,4,frontopolar,1.5676000829291434,0.7006673881288564,0.22839495968408724,1.152723570377571,0.3226032720351476,0.6078364372295737,3.9719892731548025
medication,Music,5,frontopolar,2.9801377229373056,1.4119176563363875,0.4962223951635662,1.895041145003625,0.48584772813181126,0.7450591033651075,7.269166647572698
medication,Music,6,frontopolar,2.0600632131991903,0.7154763771258572,0.3129180054742961,0.964902081943028,0.2044792541137679,0.7415015373219,4.257838931856139
medication,Music,7,frontopolar,1.1635127501400486,0.38672979383031764,0.30466591577472063,0.46732610961089216,0.08003210283283987,0.8275373146865663,2.402266672188818
medication,Video,1,lateral_frontal,89.69511419874966,21.974137885423957,4.815720969487559,12.344471560668495,2.6203686088286218,1.7800792668547396,131.4498132231583
medication,Video,2,lateral_frontal,60.55057622148448,11.292331647217557,3.469125587425297,6.33531821732179,1.2624717950068194,1.7824411118517278,82.90982346845594
medication,Video,3,lateral_frontal,27.179236207555437,4.446101575970623,1.9649860467463118,5.011867025601923,0.9884714650682769,0.8871148323087539,39.59066232094257
medication,Video,4,lateral_frontal,32.61081581091833,8.870394186718697,2.0448206632276564,4.061299251493985,0.5665825993874419,2.184127205956479,48.15391251174609
medication,Video,5,lateral_frontal,68.22872909504984,18.707952457263453,3.286861910604365,4.722376632336767,1.0969281357200056,3.9615545124375697,96.04284823097441
medication,Video,6,lateral_frontal,44.14898672928002,9.79203862027699,2.6058841517329125,4.3632857778407645,0.8527998744383515,2.2441891544226844,61.762995153569015
medication,Video,7,lateral_frontal,62.18646736150864,13.833224165335526,3.1992319833551237,3.7738603709283653,0.5664861877475335,3.665536825871639,83.55927006887521
medication,Video,1,all,83.94863656470673,20.964902751408683,3.831886964039931,11.1281605859844,2.287564140351594,1.883950414753484,122.16115100649135
medication,Video,2,all,35.46455146856097,6.55364667017184,2.467871208774961,5.36438866163383,1.056278147513815,1.2216949746843657,50.90673615665541
medication,Video,3,all,14.194900789054346,2.49056165926234,1.1497460310654297,4.291463196832405,0.8452642752967294,0.5803525615926666,22.97193595151124
medication,Video,4,all,17.245487453348144,4.796307576107243,1.131142662401275,2.6061187875678957,0.402521010549362,1.8404025169486975,26.181577489973897
medication,Video,5,all,35.984940989983734,10.046956553286403,1.9497583357657318,3.426315710814431,0.8049880462162733,2.9322915344827503,52.2129596360666
medication,Video,6,all,27.07614573909808,6.318082168480968,1.5160362911737066,2.9209723866659862,0.547823752000125,2.163006469120532,38.37906033741886
medication,Video,7,all,34.35267104480524,7.977187545289389,1.7713274771006322,2.1553008850519206,0.3088416805546344,3.7011943903587365,46.56532863280182
medication,Video,1,frontopolar,78.20215893066383,19.9556676173934,2.8480529585923025,9.911849611300305,1.9547596718745675,2.013314204711332,112.87248878982442
medication,Video,2,frontopolar,10.378526715637454,1.8149616931261234,1.4666168301246256,4.3934591059458725,0.8500845000208113,0.41310540268142054,18.9036488448549
medication,Video,3,frontopolar,1.2105653705532493,0.535021742554058,0.3345060153845474,3.571059368062885,0.7020570855251819,0.1498215760115687,6.353209582079922
medication,Video,4,frontopolar,1.8801590957779581,0.7222209654957895,0.21746466157489303,1.1509383236418047,0.23845942171128187,0.6275062274497337,4.209242468201729
medication,Video,5,frontopolar,3.7411528849176285,1.3859606493093455,0.6126547609270988,2.130254789292094,0.5130479567125407,0.6506079255289057,8.383071041158706
medication,Video,6,frontopolar,10.003304748916147,2.844125716684948,0.4261884306145007,1.478658995491205,0.24284762956189862,1.9234493722740582,14.995125521268703
medication,Video,7,frontopolar,6.518874728101843,2.1211509252432506,0.3434229708461407,0.536741399175477,0.05119717336173526,3.951904825120043,9.571387196728457
medication,Retrieval,1,lateral_frontal,72.40655620565751,13.615693806417333,3.5999886057757298,5.519827634621013,1.206272397940773,2.4666882206643717,96.34833865041234
medication,Retrieval,2,lateral_frontal,66.7718619664234,11.21199887677354,4.302190576823437,4.34756650370457,0.7350206128283874,2.5789137135038125,87.36863853655336
medication,Retrieval,3,lateral_frontal,46.03647725398291,10.5441791724751,2.8011252692262545,4.9889995894352746,1.050322135688209,2.113485676527915,65.42110342080773
medication,Retrieval,4,lateral_frontal,33.923973944552294,8.228453196718297,2.0188471002363744,2.239220768265958,0.47737105605601593,3.674694926615196,46.88786606582895
medication,Retrieval,5,lateral_frontal,53.99264036009044,17.730715743230927,3.746816770134078,2.0242841590545617,0.31730904079135036,8.75900533229091,77.81176607330131
medication,Retrieval,6,lateral_frontal,33.00348044440571,5.487794886124066,1.3788019955531152,2.040752957427917,0.3085707046595436,2.689102993162221,42.21940098817037
medication,Retrieval,7,lateral_frontal,26.440443695479452,4.616900863550697,1.855506599695462,2.0792372439480213,0.40415492366478023,2.220478147449976,35.396243326338414
medication,Retrieval,1,all,45.26044690278181,9.422091479426443,2.7585902027071927,4.885648639442899,1.129488981285044,1.928524168389814,63.456266205643374
medication,Retrieval,2,all,45.41586630592599,8.432004020239733,3.4118662438255214,3.6957757422026356,0.6712529562310919,2.2815248024801322,61.626765268424975
medication,Retrieval,3,all,24.160973398470478,5.5804775414226295,1.6897679282395914,3.5866019517827836,0.7925464134828412,1.5559232991128984,35.810367233398324
medication,Retrieval,4,all,18.765708266661285,4.526302000265837,1.1811056528221204,1.5356421434113503,0.3636318363591184,2.9474979048249415,26.372389899519717
medication,Retrieval,5,all,29.501263676967067,9.561750948770438,2.097950849939392,1.3008392656250432,0.21728614004555022,7.350447669778857,42.67909088134746
medication,Retrieval,6,all,17.654438362588483,3.169743321870852,0.8507056988230223,1.2917642362755672,0.19245022880279694,2.45380947456008,23.159101848360706
medication,Retrieval,7,all,14.712976335654327,2.58265235086532,1.1712378406455637,1.2532867232173708,0.22581120466869337,2.0607035110331915,19.94596445505127
medication,Retrieval,1,frontopolar,18.1143375999061,5.228489152435554,1.9171917996386565,4.251469644264784,1.0527055646293149,1.229807475983926,30.564193760874424
medication,Retrieval,2,frontopolar,24.059870645428582,5.652009163705922,2.5215419108276063,3.0439849807007002,0.6074852996337969,1.8567795831912668,35.88489200029658
medication,Retrieval,3,frontopolar,2.285469542958055,0.6167759103701559,0.578410587252929,2.1842043141302927,0.5347706912774737,0.2823801355853214,6.199631045988911
medication,Retrieval,4,frontopolar,3.6074425887702692,0.8241508038133754,0.34336420540786594,0.8320635185567429,0.24989261666222104,0.9904902515650578,5.856913733210474
medication,Retrieval,5,frontopolar,5.0098869938437005,1.3927861543099473,0.4490849297447065,0.5773943721955245,0.11726323929974984,2.4121921192510425,7.546415689393629
medication,Retrieval,6,frontopolar,2.3053962807712614,0.8516917576176374,0.32260940209292954,0.5427755151232165,0.07632975294605025,1.5691418162521447,4.098802708551095
medication,Retrieval,7,frontopolar,2.985508975829201,0.5484038381799433,0.4869690815956652,0.4273362024867191,0.047467485672606766,1.2833076977534728,4.495685583764136
medication,ColorCounting,1,lateral_frontal,47.58415434526399,8.47707193381826,3.1952642826638145,8.630343329122558,1.696475384011382,0.9822404058031975,69.58330927487995
medication,ColorCounting,2,lateral_frontal,70.23451690114265,12.349334381997648,2.7829055710962853,7.4587924786927715,1.087732468555611,1.6556747512785064,93.91328180148498
medication,ColorCounting,3,lateral_frontal,25.502612708980614,7.256985105894181,1.7896176511876032,5.887743549476779,1.1595359923217043,1.2325579476944237,41.59649500786089
medication,ColorCounting,4,lateral_frontal,23.674720902595325,7.030296493044976,1.9672420938190627,3.58304126743306,0.5972535217381407,1.9621031320360922,36.85255427863053
medication,ColorCounting,5,lateral_frontal,48.89570637899645,17.44171033953846,2.5587739307562556,4.255203255588643,0.9806934186255554,4.098913563442849,74.13208732350536
medication,ColorCounting,6,lateral_frontal,20.37019813239195,5.583937182105681,1.7661225723088736,2.435629518797339,0.4794185932915809,2.2926053157965125,30.635305998895422
medication,ColorCounting,7,lateral_frontal,25.9589334316227,4.601739380051327,1.3147829205772597,2.648145461831025,0.35235853459245214,1.7377215286616148,34.87595972867479
medication,ColorCounting,1,all,25.301521513239628,4.984265178717062,2.1634599799272527,7.808103861831761,1.4234210445663915,0.638345143317262,41.680771578282084
medication,ColorCounting,2,all,43.334401063649565,7.494653513324825,2.1083607582959303,6.277007797211992,0.9503432486437389,1.1939850571244575,60.16476638112606
medication,ColorCounting,3,all,13.43120279327949,3.9461307474674494,1.0865042571753132,4.328763239655257,0.8501436700979007,0.9116069715519298,23.64274470767543
medication,ColorCounting,4,all,12.472501731358216,3.757918262399815,1.1136495882318056,2.4052730834499036,0.4315221313339886,1.562366572119038,20.18086479677374
medication,ColorCounting,5,all,25.653645109353093,9.200393274290152,1.4592527993582793,2.6611531600421845,0.6205897245008792,3.4572956613080876,39.59503406754456
medication,ColorCounting,6,all,11.010855176129018,3.1546885114348138,1.0356679940039537,1.576479371315257,0.31360056657504626,2.0010972352926233,17.09129161945808
medication,ColorCounting,7,all,14.564915677012344,2.7287503635277943,0.80253159055692,1.5009192088577272,0.1981110312857178,1.8180527955295518,19.79522787124049
medication,ColorCounting,1,frontopolar,3.018888681215269,1.4914584236158634,1.1316556771906905,6.985864394540962,1.1503667051214013,0.21349661822541954,13.778233881684184
medication,ColorCounting,2,frontopolar,16.434285226156465,2.639972644652002,1.433815945495575,5.095223115731217,0.8129540287318668,0.518126995558101,26.416250960767133
medication,ColorCounting,3,frontopolar,1.359792877578371,0.6352763890407188,0.3833908631630232,2.7697829298337364,0.5407513478740974,0.22935963038766108,5.688994407489948
medication,ColorCounting,4,frontopolar,1.2702825601211112,0.4855400317546529,0.26005708264454824,1.2275048994667477,0.26579074092983657,0.3955503818889693,3.5091753149168965
medication,ColorCounting,5,frontopolar,2.4115838397097313,0.9590762090418444,0.35973166796030337,1.0671030644957256,0.26048603037620305,0.8987662400679819,5.057980811583809
medication,ColorCounting,6,frontopolar,1.6515122198660903,0.7254398407639451,0.3052134156990337,0.7173292238331755,0.14778253985851167,1.0113066868897784,3.547277240020756
medication,ColorCounting,7,frontopolar,3.170897922401992,0.855761347004262,0.2902802605365802,0.35369295588442873,0.0438635279789835,2.419503506549582,4.714496013806245
meditation,Rest,1,lateral_frontal,4.583140255914573,2.1341834998940152,1.4027699960630569,5.152697231690769,1.2870630945539128,0.4141876388094551,14.559854078116327
meditation,Rest,2,lateral_frontal,2.752913062955067,1.7725719214100646,1.372692622587003,5.641682740289218,1.5591189225220967,0.31419205988871235,13.098979269763445
meditation,Rest,3,lateral_frontal,6.992348171727959,2.9482773929599757,3.3415468483549895,8.486179194059213,1.933017034777072,0.3474210625936264,23.701368641879217
meditation,Rest,4,lateral_frontal,3.76917129911143,2.462263104094856,3.325240187696612,11.936513038068103,3.5061744786919555,0.20627993252654023,24.99936210766295
meditation,Rest,5,lateral_frontal,1.9359775544575615,1.0963944812458026,0.7241708104994364,2.123989350085384,0.5494142551895994,0.5161958468396877,6.429946451477788
meditation,Rest,6,lateral_frontal,3.649678578383334,1.4575499844025888,0.8465418876886184,1.5737125230686664,0.3591348846332728,0.9261856679900049,7.886617858176483
meditation,Rest,7,lateral_frontal,6.381881118602614,4.094062795872011,2.5034331187909573,5.585961601373665,1.1395204017394291,0.7329199675961297,19.70485903637868
meditation,Rest,1,all,3.3506085345811067,1.3710868524561264,1.0538587276374067,4.3610571773716265,1.1284701516703168,0.31439323005677017,11.265081443716582
meditation,Rest,2,all,1.7915125858700167,1.08441271583455,0.9913800962705298,4.0609351987952005,1.0895308092712583,0.26703521793607393,9.017771406041554
meditation,Rest,3,all,5.564558420161486,2.543445391280507,3.067551449464837,8.20976769956588,1.8960015532807948,0.30980723016255385,21.2813245137535
meditation,Rest,4,all,2.7650003813956023,1.9729354564983352,3.1363022407119714,12.103973996119176,3.3851532393647754,0.16299898340255073,23.363365314089858
meditation,Rest,5,all,1.1482763577283739,0.6729340184990419,0.45623951652980693,2.1152750129433042,0.582031231199097,0.3181307463007783,4.974756136899622
meditation,Rest,6,all,1.9424917381972746,0.8374411435120875,0.5239549014804632,1.2218099668850972,0.3258590302449061,0.6854103061927658,4.851556780319829
meditation,Rest,7,all,4.332508370714274,3.2826872014620014,2.125902860430157,5.336434797907987,1.0265548482572973,0.6151461276635283,16.104088078771714
meditation,Rest,1,frontopolar,2.1180768132476406,0.6079902050182376,0.7049474592117568,3.569417123052483,0.9698772087867211,0.17033319000226527,7.970308809316838
meditation,Rest,2,frontopolar,0.8301121087849667,0.39625351025903516,0.6100675699540566,2.4801876573011823,0.6199426960204204,0.15976755189976982,4.936563542319663
meditation,Rest,3,frontopolar,4.136768668595013,2.138613389601039,2.7935560505746855,7.933356205072548,1.8589860717845188,0.26957233916127704,18.861280385627797
meditation,Rest,4,frontopolar,1.760829463679775,1.4836078089018145,2.947364293727331,12.271434954170248,3.264132000037596,0.12089929290605371,21.727368520516762
meditation,Rest,5,frontopolar,0.3605751609991866,0.24947355575228136,0.18830822256017732,2.106560675801224,0.6146482072085953,0.11842694996544302,3.5195658223214625
meditation,Rest,6,frontopolar,0.2353048980112159,0.2173323026215857,0.20136791527230824,0.8699074107015282,0.29258317585653904,0.2498338328286228,1.8164957024631774
meditation,Rest,7,frontopolar,2.283135622825934,2.471311607051992,1.7483726020693564,5.0869079944423055,0.9135892947751654,0.48581802732662355,12.50331712116475
meditation,Math,1,lateral_frontal,17.806142442530838,3.8579077891163838,1.4003699076926273,5.737450418029104,1.110222212547595,0.6724080398138987,29.91209276991655
meditation,Math,2,lateral_frontal,2.615459514337976,1.895981655019876,1.0764686523441074,4.407413538302987,0.8304016512695055,0.43018011324389976,10.825725011274448
meditation,Math,3,lateral_frontal,178.80765095477562,15.583283660755201,3.015491310390281,6.64645365885359,1.4849068495009048,2.3446012656685062,205.5377864342757
meditation,Math,4,lateral_frontal,15.978182460037596,4.920751271464086,1.650479121333672,10.142986552865109,2.038067794853905,0.4851383018026492,34.73046720055436
meditation,Math,5,lateral_frontal,2.1302571329349185,1.0597311108683898,0.40934900305161365,2.2310862834361744,0.3945061479809637,0.47498436915503806,6.224929678272061
meditation,Math,6,lateral_frontal,4.621033908503754,1.7392991853023445,0.627443342589896,1.8956386355917012,0.302020287665796,0.9175267651998678,9.185435359653493
meditation,Math,7,lateral_frontal,21.580131662772622,4.699803695823512,1.7008329836049307,5.331100743414049,0.9379511464602149,0.8815822326429621,34.249820232075336
meditation,Math,1,all,14.6606060022629,2.3297512929397226,1.04507348212758,4.267607872957024,0.8446984606556726,0.5459150330335854,23.147737110942913
meditation,Math,2,all,2.230068830934879,1.346679100271665,0.7758110342182516,2.9512284573487664,0.5389262703981061,0.4563113699037224,7.842713693171667
meditation,Math,3,all,181.10885494967184,14.245859183051948,2.6932454117644626,6.4517461928941255,1.4514148315292486,2.208062555024586,205.9511205689116
meditation,Math,4,all,15.055594050289452,4.114295862070576,1.5075135417844387,9.115938690599656,2.0349058312162662,0.4513299180383072,31.828247975960387
meditation,Math,5,all,1.4923768371649668,0.7414214033894657,0.3139383934047799,2.022385001842524,0.39781383910471096,0.36660744750083823,4.967935474906448
meditation,Math,6,all,2.495927175249714,1.0481357515946492,0.410934391612522,1.3975879470250872,0.2669793369880446,0.749960497173517,5.619564602470018
meditation,Math,7,all,19.712954804563793,4.0033172018424015,1.3626525161901866,4.601462322725852,0.7598253029435077,0.8700097753861176,30.44021214826573
meditation,Math,1,frontopolar,11.515069561994968,0.8015947967630617,0.689777056562533,2.7977653278849433,0.5791747087637505,0.2865125208228425,16.383381451969253
meditation,Math,2,frontopolar,1.844678147531782,0.7973765455234537,0.4751534160923959,1.495043376394547,0.24745088952670716,0.5333467631196163,4.85970237506889
meditation,Math,3,frontopolar,183.41005894456802,12.908434705348695,2.370999513138645,6.2570387269346615,1.417922813557592,2.063026180384945,206.36445470354752
meditation,Math,4,frontopolar,14.13300564054131,3.3078404526770653,1.3645479622352057,8.08889082833421,2.0317438675786272,0.4089362216498436,28.926028751366417
meditation,Math,5,frontopolar,0.8544965413950155,0.4231116959105417,0.21852778375794613,1.8136837202488736,0.4011215302284585,0.233288577929388,3.7109412715408334
meditation,Math,6,frontopolar,0.3708204419956739,0.35697231788695377,0.1944254406351478,0.8995372584584737,0.23193838631029284,0.3968399469063605,2.0536938452865425
meditation,Math,7,frontopolar,17.845777946354964,3.3068307078612897,1.0244720487754422,3.871823902037656,0.5816994594268008,0.8540756996001231,26.630604064456136
meditation,Music,1,lateral_frontal,3.0044806218251465,1.5035018862702578,1.1061576135467326,9.202039377566193,3.000708454682202,0.16338789963621222,17.816887953890536
meditation,Music,2,lateral_frontal,2.0578306880883446,2.080233050524525,1.1787103004350956,6.113013784553856,1.9865626349296734,0.34029582196931785,13.41635045853149
meditation,Music,3,lateral_frontal,21.763377040074566,5.580675608789372,3.18394064874822,5.092236549218267,0.981801203651958,1.0959183759140347,36.602031050482374
meditation,Music,4,lateral_frontal,4.248255400792407,2.1776648681168638,2.2790911680027057,9.974434006415443,3.3641823187344215,0.21832465548583654,22.043627762061835
meditation,Music,5,lateral_frontal,2.608173827718516,1.1593014750368253,0.654161814200178,2.297162911834277,0.7374285422999415,0.5046666342489079,7.456228571089736
meditation,Music,6,lateral_frontal,5.291475069930405,1.7052284934853865,0.7302336914600279,2.661739262510348,0.8698898478908722,0.6406444528594232,11.258566365277039
meditation,Music,7,lateral_frontal,7.826726843620835,4.5969979733868715,2.8692969031071556,5.928287459692237,1.386040683252274,0.7754343905626873,22.607349863059376
meditation,Music,1,all,1.7618676022910549,0.9680087549110803,0.8671113322826032,7.736193228519716,2.4128837021854066,0.12512727207258553,13.746064620189864
meditation,Music,2,all,1.267671502340717,1.2972903214894211,0.8599810151520431,4.583573138866102,1.4367575114712507,0.2830303525625313,9.445273489319534
meditation,Music,3,all,18.174686745398354,4.798035926565266,2.826695883829853,4.8939939476334455,0.9466296122889412,0.9803926972335997,31.64004211571585
meditation,Music,4,all,3.1953013595573183,1.7379675359994788,2.3443537731703055,9.672043323736316,3.1047418729445986,0.1796898005754694,20.05440786540802
meditation,Music,5,all,1.487769849569174,0.6947983205190347,0.4260412118047585,2.2861569479748645,0.6794963029978855,0.30391540752899954,5.574262632865716
meditation,Music,6,all,2.788247360982239,0.9579972666181533,0.4717354009444402,2.0924790524550207,0.6225771793660142,0.4578288444484899,6.933036260365869
meditation,Music,7,all,5.121570315287828,3.2547841304680465,2.603856874489225,5.4443757920299305,1.2183097528816078,0.5978250317020279,17.642896865156636
meditation,Music,1,frontopolar,0.5192545827569641,0.4325156235519026,0.6280650510184733,6.2703470794732405,1.8250589496886114,0.06897793982852977,9.675241286489191
meditation,Music,2,frontopolar,0.47751231659308957,0.5143475924543169,0.5412517298689903,3.0541324931783502,0.8869523880128282,0.16841037302839792,5.474196520107575
meditation,Music,3,frontopolar,14.585996450722146,4.01539624434116,2.4694511189114863,4.695751346048627,0.911458020925925,0.855112621693657,26.67805318094934
meditation,Music,4,frontopolar,2.14234731832223,1.2982702038820941,2.409616378337904,9.369652641057197,2.8453014271547747,0.1385611882977561,18.0651879687542
meditation,Music,5,frontopolar,0.36736587141983207,0.23029516600124456,0.19792060940933912,2.275150984115452,0.621564063695829,0.10122192663656572,3.692296694641697
meditation,Music,6,frontopolar,0.2850196520340727,0.2107660397509199,0.2132371104288523,1.5232188423996929,0.375264510841156,0.13836885015082742,2.6075061554546943
meditation,Music,7,frontopolar,2.4164137869548203,1.9125702875492212,2.3384168458712944,4.960464124367621,1.050578822510943,0.38556276985332355,12.678443867253899
meditation,Video,1,lateral_frontal,35.82883629587049,8.47864684282395,2.9910979278588763,7.731757063856223,1.1808221383326236,1.0966002647004036,56.21116026874215
meditation,Video,2,lateral_frontal,54.88709125876397,12.908133299278344,3.312386136358105,5.263828443100918,0.8104435011869655,2.452232902118324,77.18188263868824
meditation,Video,3,lateral_frontal,365.07315996870364,87.23953700034983,11.507748260699836,12.712816864602898,2.29537242012672,6.862329405787037,478.82863451448287
meditation,Video,4,lateral_frontal,53.10604789354406,10.658788624010182,4.155472411798105,8.034967495916096,1.4376343957068822,1.3265503101820495,77.39291082097532
meditation,Video,5,lateral_frontal,8.437748846091962,2.565143940094129,0.9436623774814584,2.2022349667397965,0.45958490781560485,1.164791213851075,14.608375038222956
meditation,Video,6,lateral_frontal,7.938292375345801,2.9129235400562887,0.726816223357633,1.8575011224780795,0.3253842124204297,1.5681947670482037,13.760917473658235
meditation,Video,7,lateral_frontal,50.23101873338801,8.852619454686968,2.617413232907595,5.836325100540166,1.1038410164862462,1.5168139714951172,68.64121753800899
meditation,Video,1,all,20.840664141378504,5.2447739380266425,1.9408067221299223,5.977090113606448,0.981613372749501,0.8774794822128017,34.984948287891015
meditation,Video,2,all,38.68049970810314,9.676247427363926,2.299250316925213,3.270962637488692,0.5077978596133073,2.9582262164855977,54.43475794949429
meditation,Video,3,all,367.41125592191116,79.87699205792165,9.645509238266694,12.18248183846118,2.242963688753804,6.5567093074370835,471.3592027453144
meditation,Video,4,all,45.4620505124038,9.527702597535667,3.3686962757160934,7.34267963564179,1.3597262114452673,1.297578414191959,67.06085523274261
meditation,Video,5,all,4.8754395393027785,1.5882860117702864,0.610742648373061,2.0044859327998648,0.43957822489959486,0.7923657561177141,9.518532357145586
meditation,Video,6,all,4.264283868516833,1.6212151019478598,0.4630613831891138,1.447074924666674,0.31760022197981613,1.1203394339248176,8.113235500300297
meditation,Video,7,all,43.45364222189716,7.173452602763735,2.2925503035603856,5.21710314679165,0.9978877794426925,1.3749876897057665,59.13463605445561
meditation,Video,1,frontopolar,5.852491986886519,2.0109010332293336,0.8905155164009686,4.222423163356673,0.7824046071663783,0.47624336913468907,13.758736307039866
meditation,Video,2,frontopolar,22.473908157442317,6.444361555449503,1.2861144974923213,1.2780968318764676,0.2051522180396486,5.0421543929406845,31.68763326030026
meditation,Video,3,frontopolar,369.7493518751187,72.51444711549348,7.783270215833555,11.652146812319467,2.1905549573808876,6.223269263894454,463.88977097614605
meditation,Video,4,frontopolar,37.818053131263525,8.396616571061156,2.581920139634082,6.650391775367485,1.2818180271836526,1.2625747256216613,56.72879964450991
meditation,Video,5,frontopolar,1.3131302325135956,0.6114280834464432,0.27782291926466357,1.8067368988599337,0.4195715419835846,0.3384156729362529,4.4286896760682195
meditation,Video,6,frontopolar,0.5902753616878675,0.3295066638394309,0.19930654302059475,1.0366487268552682,0.3098162315392028,0.31785758792084545,2.4655535269423647
meditation,Video,7,frontopolar,36.67626571040631,5.494285750840499,1.9676873742131753,4.597881193043135,0.8919345423991393,1.194960356773393,49.62805457090225
meditation,Retrieval,1,lateral_frontal,16.897592296436592,5.030506977994945,1.6529232131474711,3.978327767785422,0.8515289913642878,1.2644777584012967,28.41087924672874
meditation,Retrieval,2,lateral_frontal,15.41742733544124,3.773762796191432,1.6126124911731552,2.685426604764333,0.4708011277003397,1.4052749717665842,23.96003035527049
meditation,Retrieval,3,lateral_frontal,4.295871286336564,3.8511011651094096,2.9476721263489205,7.35595376047179,2.7357738758410544,0.5235352600778734,21.18637221410774
meditation,Retrieval,4,lateral_frontal,23.809094029009323,4.639599063411456,3.223154278985141,6.994874768664711,1.362314252915486,0.6632855078686611,40.029036392986114
meditation,Retrieval,5,lateral_frontal,6.420612038182461,1.5738837421975453,0.6796225093209599,1.6678965057509878,0.34052749697292134,0.9436339345821028,10.682542292424873
meditation,Retrieval,6,lateral_frontal,14.424086466680617,2.0585692437178733,0.7578618257538204,1.8344335938437517,0.36709999864505055,1.1221824821712312,19.44205112864112
meditation,Retrieval,7,lateral_frontal,16.323248736545548,4.828197691975498,2.89994451154774,4.204428270710635,0.8246761787984425,1.1483601053703867,29.08049538957787
meditation,Retrieval,1,all,9.52963988346932,3.050349164205946,1.115882536147372,3.117057076994361,0.6892146534781805,0.9785990724132846,17.50214331429518
meditation,Retrieval,2,all,9.613721125104213,2.2890947795631957,1.0567122415127184,1.8040102324073308,0.3062541734287036,1.2688923479710823,15.069792552016162
meditation,Retrieval,3,all,3.8903326000227203,2.9198373729104383,2.8984219378727927,7.153230499134895,2.425978883600803,0.4081844382427717,19.287801293541648
meditation,Retrieval,4,all,14.533117817548238,3.482260822468406,2.794646238493631,6.773229265154336,1.4365343799048498,0.5141212095659157,29.019788523569463
meditation,Retrieval,5,all,3.57289251545766,0.9242657163347341,0.443139836627896,1.6252444588224824,0.4059130793437052,0.5686933502941339,6.971455606586474
meditation,Retrieval,6,all,7.3712549594265315,1.144557347429251,0.46355306426634296,1.4096309265832714,0.3246126160356839,0.8119553323106226,10.713608913741087
meditation,Retrieval,7,all,9.95928437239288,3.3168055341689273,2.7075365208389877,3.8759028292660402,0.7448457855714428,0.8557504355177588,20.6043750422383
meditation,Retrieval,1,frontopolar,2.1616874705020446,1.0701913504169465,0.5788418591472733,2.255786386203299,0.5269003155920731,0.47442052002901713,6.593407381861637
meditation,Retrieval,2,frontopolar,3.8100149147671853,0.8044267629349605,0.5008119918522818,0.922593860050328,0.14170721915706733,0.8719186174630282,6.179554748761826
meditation,Retrieval,3,frontopolar,3.4847939137088764,1.988573580711468,2.8491717493966657,6.950507237798005,2.1161838913605506,0.2861048140338991,17.389230372975565
meditation,Retrieval,4,frontopolar,5.257141606087156,2.3249225815253554,2.3661381980021217,6.551583761643961,1.5107545068942143,0.35486420781743505,18.010540654152802
meditation,Retrieval,5,frontopolar,0.7251729927328596,0.27464769047192245,0.20665716393483188,1.5825924118939763,0.47129866171448914,0.1735429087159822,3.2603689207480806
meditation,Retrieval,6,frontopolar,0.3184234521724483,0.2305454511406287,0.16924430277886543,0.9848282593227907,0.28212523342631723,0.23409711181435983,1.9851666988410503
meditation,Retrieval,7,frontopolar,3.595320008240212,1.8054133763623568,2.515128530130236,3.547377387821446,0.6650153923444428,0.5089431371357748,12.128254694898692
meditation,ColorCounting,1,lateral_frontal,62.767841441937655,9.791205060468057,2.671182690222973,5.809795408808647,1.0971879928650945,1.6852925742656806,82.13721259430241
meditation,ColorCounting,2,lateral_frontal,67.68195956086791,7.88935304279499,3.4660530617207197,5.228860372064684,0.9961769412102399,1.5088092780109512,85.26240297865857
meditation,ColorCounting,3,lateral_frontal,60.49625613205303,12.170808688275272,4.4082195889662685,7.082169028938345,1.2222620017325132,1.7185142911083189,85.37971543996545
meditation,ColorCounting,4,lateral_frontal,16.89937705680353,4.639880020290371,1.7736303419570731,6.484064202629792,0.9657103969713208,0.7155820601542685,30.762662018652083
meditation,ColorCounting,5,lateral_frontal,5.715991290335705,1.7250749721971852,0.6785781764009912,2.198862826405783,0.38292624425167127,0.7845305088980735,10.701433509591334
meditation,ColorCounting,6,lateral_frontal,6.84850005576741,3.2286408387178414,1.108093881379914,2.7515689267275563,0.4265817916375148,1.1733817777037,14.363385494230233
meditation,ColorCounting,7,lateral_frontal,16.052084515810158,6.14961574829687,2.051159959048972,5.56487428721461,0.9029067579067835,1.1050772094574917,30.72064126827738
meditation,ColorCounting,1,all,42.760342856538955,6.553151104005333,1.845724482286718,4.152755216999066,0.7907756701321402,1.57802489228847,56.10274932996219
meditation,ColorCounting,2,all,37.06648080308495,4.5183217276371295,1.9796852586524853,3.2708480050808983,0.6334684486833214,1.3813915292359717,47.4688042431388
meditation,ColorCounting,3,all,53.98145534706502,10.768516168801199,3.7161500300094286,6.429923919908094,1.174781206999361,1.674750168576663,76.07082667278307
meditation,ColorCounting,4,all,11.158540980630724,3.405630453765272,1.4249735968452653,6.00976229077734,0.9769361568385052,0.5666830548342314,22.975843478857104
meditation,ColorCounting,5,all,3.488092032174386,1.1044895951178877,0.45005476260616617,2.0820132566485356,0.3723550439541687,0.5304911443723513,7.497004690501145
meditation,ColorCounting,6,all,3.5989808546292643,1.728572344713551,0.6265368705275003,1.853224991254011,0.31735743652767495,0.9327374457344696,8.124672497652005
meditation,ColorCounting,7,all,11.457130079142711,4.373957813655584,1.603978308364432,4.604164372728059,0.7560194222085982,0.9500003604484535,22.79524999609939
meditation,ColorCounting,1,frontopolar,22.75284427114025,3.3150971475426085,1.0202662743504638,2.49571502518948,0.4843633473991862,1.3283155785348206,30.068286065621994
meditation,ColorCounting,2,frontopolar,6.451002045301986,1.1472904124792707,0.4933174555842512,1.312835638097114,0.2707599561564032,0.8739025504686996,9.67520550761903
meditation,ColorCounting,3,frontopolar,47.46665456207703,9.366223649327125,3.0240804710525877,5.777678810877846,1.1273004122662096,1.621104937798376,66.76193790560083
meditation,ColorCounting,4,frontopolar,5.417704904457917,2.1713808872401725,1.0763168517334578,5.535460378924891,0.9881619167056901,0.39226744274193553,15.18902493906213
meditation,ColorCounting,5,frontopolar,1.2601927740130683,0.4839042180385902,0.22153134881134112,1.9651636868912878,0.3617838436566664,0.24624117637960383,4.292575871410952
meditation,ColorCounting,6,frontopolar,0.34946165349111774,0.22850385070926058,0.14497985967508645,0.9548810557804668,0.2081330814178349,0.2393008525260711,1.885959501073766
meditation,ColorCounting,7,frontopolar,6.862175642475264,2.5982998790142986,1.1567966576798923,3.643454458241508,0.6091320865104131,0.713141857211069,14.869858723921382
